<?xml version="1.0" encoding="UTF-8"?>
<project-private xmlns="http://www.netbeans.org/ns/project-private/1">
    <editor-bookmarks xmlns="http://www.netbeans.org/ns/editor-bookmarks/2" lastBookmarkId="0"/>
    <open-files xmlns="http://www.netbeans.org/ns/projectui-open-files/2">
        <group>
            <file>file:/C:/Users/irajic/Documents/Bolnica2/Hospital/src/Personalizacija/UpisLekara.java</file>
            <file>file:/C:/Users/irajic/Documents/Bolnica2/Hospital/src/Personalizacija/Bolnica.java</file>
            <file>file:/C:/Users/irajic/Documents/Bolnica2/Hospital/src/Personalizacija/Administracija.java</file>
            <file>file:/C:/Users/irajic/Documents/Bolnica2/Hospital/src/Personalizacija/UpisPacijenata.java</file>
        </group>
    </open-files>
</project-private>
